city,latitutes,longtitudes,temperature (F),Temp_max (F),humidity,cloudiness,wind speed,date,country
ust-tsilma,65.441,52.1498,-9.9,-9.9,87,100,5.76,1644434596,RU
yellowknife,62.456,-114.3525,-23.71,-23.71,70,100,4.12,1644434475,CA
ribeira grande,38.5167,-28.7,16.22,16.22,67,20,5.14,1644434597,PT
tiksi,71.6872,128.8694,-24.57,-24.57,93,100,5.79,1644434597,RU
kavieng,-2.5744,150.7967,27.19,27.19,80,88,3.01,1644434598,PG
ostrovnoy,68.0531,39.5131,-4.13,-4.13,85,100,10.41,1644434598,RU
portland,45.5234,-122.6762,9.6,12.61,83,100,0.45,1644434291,US
port elizabeth,-33.918,25.5701,17.16,19.5,88,0,2.57,1644434332,ZA
sao filipe,14.8961,-24.4956,24.93,24.93,60,7,2.2,1644434599,CV
kokopo,-4.352,152.2633,25.66,25.66,81,93,1.32,1644434600,PG
butaritari,3.0707,172.7902,27.65,27.65,78,100,7.18,1644434600,KI
ushuaia,-54.8,-68.3,11.81,12.79,43,75,8.23,1644434601,AR
taiyuan,37.8694,112.5603,-10.08,-10.08,73,0,1.0,1644434303,CN
leshukonskoye,64.8989,45.7622,-8.1,-8.1,93,100,4.75,1644434601,RU
puerto escondido,15.85,-97.0667,27.46,27.46,69,0,5.14,1644434602,MX
saint-joseph,-21.3667,55.6167,23.21,23.21,80,66,3.3,1644434602,RE
bethel,41.3712,-73.414,6.31,8.47,51,0,3.6,1644434603,US
rikitea,-23.1203,-134.9692,25.99,25.99,67,0,7.37,1644434603,PF
port alfred,-33.5906,26.891,20.23,20.23,84,1,3.39,1644434604,ZA
albany,42.6001,-73.9662,3.64,6.72,55,12,0.89,1644434481,US
lusambo,-4.9667,23.45,21.37,21.37,98,100,1.3,1644434619,CD
khatanga,71.9667,102.5,-18.83,-18.83,92,100,6.47,1644434620,RU
wanning,18.8003,110.3967,21.76,21.76,93,97,2.27,1644434620,CN
lompoc,34.6391,-120.4579,25.21,28.4,23,0,2.06,1644434489,US
punto fijo,11.6956,-70.1996,28.55,28.55,57,99,10.86,1644434621,VE
saint-philippe,-21.3585,55.7679,23.77,23.77,82,83,3.05,1644434621,RE
namatanai,-3.6667,152.4333,25.98,25.98,82,42,0.31,1644434622,PG
punta arenas,-53.15,-70.9167,10.85,11.06,54,75,12.35,1644434622,CL
ust-maya,60.4167,134.5333,-28.01,-28.01,98,100,0.94,1644434623,RU
dingle,10.9995,122.6711,22.88,22.88,89,100,3.6,1644434623,PH
bengbu,32.9408,117.3608,2.71,2.71,89,63,1.49,1644434624,CN
vila franca do campo,37.7167,-25.4333,16.78,16.78,75,5,4.0,1644434624,PT
taywarah,33.35,64.4167,-12.16,-12.16,65,0,1.31,1644434625,AF
provideniya,64.3833,-173.3,-27.05,-27.05,84,13,2.68,1644434625,RU
ponta do sol,32.6667,-17.1,19.55,20.95,59,100,3.4,1644434625,PT
shizunai,42.3339,142.3669,-6.06,-6.06,69,4,2.65,1644434626,JP
madimba,-10.4,40.3333,26.67,26.67,83,100,4.66,1644434626,TZ
kodiak,57.79,-152.4072,-4.27,-4.27,50,0,9.77,1644434627,US
muyuka,4.2898,9.4103,27.78,27.78,68,44,0.11,1644434642,CM
hermanus,-34.4187,19.2345,19.89,21.06,89,13,4.72,1644434643,ZA
gurinhem,-7.1239,-35.4244,29.78,32.6,48,35,6.81,1644434644,BR
verkhoyansk,67.5447,133.385,-43.17,-43.17,100,80,0.17,1644434644,RU
trinidad,-14.8333,-64.9,32.99,32.99,52,75,1.03,1644434645,BO
gizo,-8.103,156.8419,27.87,27.87,78,92,4.73,1644434645,SB
geraldton,-28.7667,114.6,18.23,18.23,77,0,3.6,1644434381,AU
longyearbyen,78.2186,15.6401,-14.09,-14.09,78,40,4.12,1644434471,SJ
vanavara,60.34,102.2797,-32.73,-32.73,100,70,0.96,1644434646,RU
christchurch,-43.5333,172.6333,17.51,18.28,97,100,1.03,1644434402,NZ
walvis bay,-22.9575,14.5053,20.53,21.16,83,0,3.09,1644434647,NA
lensk,60.7253,114.9278,-24.35,-24.35,99,100,1.26,1644434647,RU
xiantao,30.3833,113.4,2.54,2.54,90,6,1.19,1644434648,CN
vaini,-21.2,-175.2,26.09,26.09,94,20,3.09,1644434648,TO
general pico,-35.6566,-63.7568,32.68,32.68,28,0,5.89,1644434454,AR
puerto ayora,-0.7393,-90.3518,27.98,27.98,72,70,4.41,1644434649,EC
bredasdorp,-34.5322,20.0403,19.62,19.62,77,7,6.17,1644434650,ZA
mahebourg,-20.4081,57.7,24.16,24.16,88,75,2.57,1644434665,MU
busselton,-33.65,115.3333,16.16,16.16,69,8,4.88,1644434666,AU
castro,-24.7911,-50.0119,23.04,23.04,65,7,1.09,1644434666,BR
llanes,43.4198,-4.7549,13.82,13.83,67,0,1.24,1644434667,ES
georgetown,5.4112,100.3354,25.94,26.61,93,20,1.54,1644434588,MY
acari,-15.4311,-74.6158,27.72,27.72,53,10,5.43,1644434667,PE
chokurdakh,70.6333,147.9167,-38.42,-38.42,99,71,4.05,1644434668,RU
nicoya,10.1483,-85.452,31.75,31.75,36,25,4.59,1644434668,CR
bambous virieux,-20.3428,57.7575,24.14,24.14,88,75,2.57,1644434669,MU
dikson,73.5069,80.5464,-17.58,-17.58,94,99,9.71,1644434669,RU
tasiilaq,65.6145,-37.6368,-9.91,-9.91,64,26,4.96,1644434669,GL
touros,-5.1989,-35.4608,31.5,31.5,59,99,5.99,1644434670,BR
khandyga,62.6667,135.6,-38.95,-38.95,100,67,0.34,1644434670,RU
hobart,-42.8794,147.3294,14.69,15.92,78,75,3.09,1644434514,AU
aklavik,68.2191,-135.0107,-31.0,-29.6,69,100,5.14,1644434483,CA
iqaluit,63.7506,-68.5145,-27.95,-27.95,61,20,6.71,1644434671,CA
chuy,-33.6971,-53.4616,23.29,23.29,57,70,5.09,1644434672,UY
bilibino,68.0546,166.4372,-37.34,-37.34,100,87,0.4,1644434672,RU
nyurba,63.2842,118.3319,-34.91,-34.91,100,100,0.46,1644434673,RU
ossora,59.2353,163.0719,-24.24,-24.24,100,47,1.2,1644434688,RU
sao gabriel da cachoeira,-0.1303,-67.0892,27.89,27.89,83,75,2.06,1644434689,BR
westport,41.1415,-73.3579,6.02,8.75,54,0,2.57,1644434475,US
peniche,39.3558,-9.3811,13.15,16.45,82,8,0.31,1644434689,PT
barrow,71.2906,-156.7887,-30.99,-30.99,69,0,7.72,1644434662,US
faanui,-16.4833,-151.75,27.32,27.32,77,21,7.26,1644434690,PF
saskylakh,71.9167,114.0833,-23.2,-23.2,97,40,3.24,1644434691,RU
chulman,56.8479,124.9104,-38.6,-38.6,100,100,0.34,1644434691,RU
sao felix do xingu,-6.6447,-51.995,25.85,25.85,94,100,0.63,1644434691,BR
seymchan,62.8833,152.4333,-41.24,-41.24,100,80,0.36,1644434692,RU
coquimbo,-29.9533,-71.3436,19.85,19.85,72,75,5.14,1644434596,CL
gouyave,12.1646,-61.7296,28.43,28.43,65,20,8.75,1644434693,GD
praia,14.9215,-23.5087,27.3,27.3,39,0,6.69,1644434693,CV
upernavik,72.7868,-56.1549,-24.67,-24.67,69,100,3.84,1644434694,GL
kodinsk,58.6881,99.1844,-31.33,-31.33,100,80,0.36,1644434694,RU
norman wells,65.282,-126.8329,-22.98,-22.98,64,100,9.77,1644434695,CA
cherskiy,68.75,161.3,-42.71,-42.71,100,79,1.87,1644434695,RU
lagoa,39.05,-27.9833,14.83,14.83,73,1,7.13,1644434710,PT
kaitangata,-46.2817,169.8464,14.79,14.79,99,100,3.56,1644434711,NZ
mataura,-46.1927,168.8643,15.27,15.27,99,100,0.63,1644434711,NZ
saint anthony,45.0205,-93.218,0.35,1.48,73,100,10.8,1644434712,US
bushehr,28.9684,50.8385,12.05,12.05,47,0,0.0,1644434712,IR
darlawn,24.0167,92.9,7.69,7.69,73,5,1.49,1644434713,IN
ilyich,40.8464,68.5067,5.2,5.2,52,100,2.71,1644434713,KZ
pingzhuang,42.0372,119.2889,-4.96,-4.96,56,0,0.84,1644434714,CN
karpathos,35.507,27.2132,9.98,9.98,53,5,17.49,1644434714,GR
ponta delgada,37.7333,-25.6667,15.4,16.39,77,20,4.63,1644434715,PT
srivardhan,18.0333,73.0167,20.22,20.22,82,82,3.37,1644434462,IN
caravelas,-17.7125,-39.2481,28.58,28.58,66,6,4.78,1644434716,BR
husavik,66.0449,-17.3389,-4.05,-4.05,71,100,8.21,1644434716,IS
russell,32.3502,-85.1999,16.47,16.95,30,0,4.12,1644434717,US
zhigansk,66.7697,123.3711,-36.96,-36.96,98,95,3.17,1644434717,RU
kosh-agach,50.0,88.6667,-24.87,-24.87,99,100,0.76,1644434718,RU
atuona,-9.8,-139.0333,25.51,25.51,79,25,8.09,1644434718,PF
avarua,-21.2078,-159.775,26.03,26.03,83,20,2.06,1644434719,CK
chara,56.9064,118.2631,-28.18,-28.18,92,100,0.67,1644434496,RU
qaanaaq,77.484,-69.3632,-29.44,-29.44,78,99,2.02,1644434734,GL
leh,34.1667,77.5833,-19.76,-19.76,95,100,1.22,1644434735,IN
jacareacanga,-6.2222,-57.7528,24.69,24.69,90,100,1.06,1644434563,BR
borovoy,55.4333,86.0833,-20.4,-20.18,71,0,3.0,1644434736,RU
dwarka,22.2394,68.9678,21.53,21.53,58,0,4.33,1644434736,IN
siparia,10.1333,-61.5,28.78,29.92,76,100,3.13,1644434736,TT
arraial do cabo,-22.9661,-42.0278,23.92,23.92,78,75,2.57,1644434737,BR
cape town,-33.9258,18.4232,20.57,21.6,80,0,3.09,1644434504,ZA
byron bay,-28.65,153.6167,16.13,17.97,86,6,2.42,1644434737,AU
axim,4.8699,-2.2405,26.28,26.28,84,3,3.59,1644434738,GH
kruisfontein,-34.0033,24.7314,18.27,18.27,82,0,1.78,1644434738,ZA
kawalu,-7.3817,108.2082,22.66,22.66,94,100,0.86,1644434739,ID
te anau,-45.4167,167.7167,16.32,16.32,95,46,1.37,1644434739,NZ
stykkisholmur,65.0757,-22.7297,-5.27,-5.27,62,100,5.99,1644434740,IS
puyo,-1.4667,-77.9833,22.58,23.26,88,75,0.0,1644434740,EC
cabinda,-5.55,12.2,25.51,25.51,82,47,3.65,1644434741,AO
gold coast,-28.0,153.4333,18.4,19.46,92,0,2.57,1644434741,AU
olinda,-8.0089,-34.8553,29.85,29.85,62,40,3.6,1644434757,BR
sassandra,4.95,-6.0833,26.55,26.55,85,59,3.34,1644434757,CI
amuntai,-2.4177,115.2494,23.04,23.04,99,100,0.64,1644434758,ID
nalut,30.3333,10.85,10.34,10.34,42,0,5.19,1644434758,LY
acapulco,16.8634,-99.8901,29.9,29.9,54,0,3.6,1644434759,MX
asfi,32.2994,-9.2372,17.37,17.37,64,14,2.44,1644434759,MA
marawi,7.9986,124.2928,19.25,19.25,95,100,0.69,1644434760,PH
jamestown,42.097,-79.2353,5.8,10.62,56,100,7.72,1644434760,US
yamada,39.4667,141.95,0.24,0.24,75,100,0.63,1644434761,JP
nadvoitsy,63.8667,34.3167,-6.72,-6.72,97,95,3.8,1644434761,RU
pangai,-19.8,-174.35,26.79,26.79,82,100,7.95,1644434762,TO
muroto,33.2833,134.15,9.15,9.15,70,100,4.46,1644434762,JP
villanueva de cordoba,38.3228,-4.6287,6.85,6.85,59,0,0.89,1644434762,ES
kahului,20.8947,-156.47,23.89,24.91,62,20,2.24,1644434626,US
coihaique,-45.5752,-72.0662,18.97,20.34,30,40,6.69,1644434692,CL
necochea,-38.5473,-58.7368,29.46,29.46,37,100,3.75,1644434752,AR
nikolskoye,59.7035,30.7861,0.54,1.6,93,100,3.85,1644434764,RU
dakar,14.6937,-17.4441,32.49,32.49,56,91,5.85,1644434521,SN
san cristobal,7.7669,-72.225,26.1,26.1,55,81,2.54,1644434764,VE
lixourion,38.2019,20.4314,10.3,10.3,52,0,2.11,1644434780,GR
sao joao da barra,-21.6403,-41.0511,26.05,26.05,88,100,5.31,1644434781,BR
vanimo,-2.6741,141.3028,24.77,24.77,90,93,1.44,1644434781,PG
marzuq,14.4,46.4667,17.29,17.29,36,0,1.17,1644434781,YE
hambantota,6.1241,81.1185,24.12,24.12,80,100,2.27,1644434782,LK
seidu,9.0167,-10.6,27.66,27.66,17,3,1.86,1644434782,SL
baherden,38.4362,57.4316,10.32,10.32,39,0,2.66,1644434783,TM
ulladulla,-35.35,150.4667,16.98,17.83,60,6,1.84,1644434784,AU
narsaq,60.9167,-46.05,-7.88,-7.88,70,85,4.14,1644434784,GL
madingou,-4.1536,13.55,24.13,24.13,87,100,0.56,1644434784,CG
birao,10.2849,22.7882,24.25,24.25,13,32,2.34,1644434785,CF
baruun-urt,46.6806,113.2792,-19.95,-19.95,97,100,1.25,1644434785,MN
new norfolk,-42.7826,147.0587,14.38,15.72,65,98,0.89,1644434786,AU
sasolburg,-26.8136,27.817,20.38,20.38,52,75,2.66,1644434786,ZA
camapua,-19.5314,-54.0439,30.21,30.21,34,88,1.36,1644434787,BR
thompson,55.7435,-97.8558,-18.91,-18.91,65,20,2.57,1644434667,CA
pozo colorado,-23.4923,-58.7972,38.06,38.06,15,0,2.46,1644434788,PY
itarema,-2.9248,-39.9167,28.93,28.93,64,45,5.95,1644434803,BR
batagay-alyta,67.8006,130.4114,-33.17,-33.17,90,87,1.71,1644434803,RU
labytnangi,66.6572,66.4183,-21.99,-21.99,99,99,1.73,1644434804,RU
alofi,-19.0595,-169.9187,25.94,25.94,89,100,2.06,1644434804,NU
hithadhoo,-0.6,73.0833,28.16,28.16,71,13,5.98,1644434805,MV
sinnamary,5.3833,-52.95,26.13,26.13,83,31,4.52,1644434805,GF
alugan,12.2188,125.4808,25.82,25.82,79,95,5.97,1644434806,PH
kampot,10.6167,104.1833,27.03,27.03,76,34,2.04,1644434806,KH
taoudenni,22.6783,-3.9836,22.91,22.91,13,2,5.0,1644434807,ML
ilulissat,69.2167,-51.1,-9.99,-9.99,57,100,6.17,1644434807,GL
mollendo,-17.0231,-72.0147,23.03,23.03,66,21,4.1,1644434808,PE
alaca,40.1683,34.8425,-1.48,-1.48,96,98,5.71,1644434808,TR
vao,-22.6667,167.4833,26.83,26.83,88,100,12.44,1644434809,NC
torbay,47.6666,-52.7314,3.62,4.21,88,100,10.29,1644434809,CA
tura,25.5198,90.2201,13.64,13.64,65,5,1.66,1644434810,IN
hilo,19.7297,-155.09,21.44,25.14,85,100,4.63,1644434810,US
bluff,-46.6,168.3333,15.45,15.45,96,73,2.93,1644434810,NZ
vestmannaeyjar,63.4427,-20.2734,-1.94,-1.94,70,13,11.74,1644434811,IS
kudahuvadhoo,2.6708,72.8944,27.66,27.66,70,100,4.73,1644434811,MV
namibe,-15.1961,12.1522,23.87,23.87,75,100,5.4,1644434827,AO
mangai,-4.05,19.5333,24.85,24.85,69,97,0.58,1644434827,CD
santiago del estero,-27.7951,-64.2615,34.82,34.82,23,0,3.83,1644434667,AR
makakilo city,21.3469,-158.0858,23.73,25.11,65,0,2.57,1644434828,US
qaqortoq,60.7167,-46.0333,-7.72,-7.72,70,76,4.15,1644434829,GL
great yarmouth,52.6083,1.7305,7.97,9.56,82,100,2.0,1644434630,GB
klaksvik,62.2266,-6.589,0.51,0.51,98,100,5.59,1644434829,FO
broome,42.2506,-75.833,6.47,7.67,54,0,4.47,1644434830,US
marang,5.2056,103.2059,26.95,26.95,84,100,1.47,1644434830,MY
ambon,-3.6954,128.1814,24.08,24.08,94,40,2.57,1644434831,ID
luderitz,-26.6481,15.1594,24.63,24.63,48,2,8.61,1644434831,NA
ruteng,-8.6136,120.4721,17.54,17.54,92,100,0.22,1644434832,ID
srednekolymsk,67.45,153.6833,-41.8,-41.8,99,90,2.88,1644434832,RU
yongan,39.6957,113.6871,-6.04,-6.04,60,4,1.8,1644434833,CN
fortuna,40.5982,-124.1573,14.51,22.19,72,20,0.0,1644434833,US
likhoslavl,57.1275,35.464,-1.95,-1.95,93,100,1.97,1644434834,RU
cabo san lucas,22.8909,-109.9124,25.45,28.12,40,20,2.06,1644434715,MX
lata,40.1629,-8.3327,12.59,12.81,66,0,0.33,1644434835,PT
mizdah,31.4451,12.9801,9.9,9.9,53,31,4.83,1644434835,LY
podor,16.6527,-14.9587,32.97,32.97,16,0,1.03,1644434836,MR
kazanskoye,55.6448,69.235,-20.42,-20.42,99,51,3.18,1644434851,RU
las vigas,19.6333,-97.0833,7.54,7.54,80,78,1.66,1644434816,MX
miechow,50.3565,20.0279,5.87,6.51,86,100,5.88,1644434852,PL
anderson,34.5334,-82.6499,14.7,16.21,33,0,5.14,1644434852,US
tual,-5.6667,132.75,28.36,28.36,75,100,7.57,1644434853,ID
galveston,29.3669,-94.9669,19.18,21.18,41,0,4.12,1644434853,US
severo-kurilsk,50.6789,156.125,-0.39,-0.39,89,100,8.11,1644434853,RU
mar del plata,-38.0023,-57.5575,22.71,27.01,69,0,4.92,1644434854,AR
severo-yeniseyskiy,60.3725,93.0408,-24.49,-24.49,99,100,0.9,1644434855,RU
nurota,40.5614,65.6886,3.05,3.05,45,8,2.6,1644434855,UZ
la ligua,-32.4524,-71.2311,19.88,19.88,54,0,4.22,1644434856,CL
sitka,57.0531,-135.33,7.94,7.94,87,100,5.66,1644434856,US
kihei,20.785,-156.4656,23.94,24.91,62,20,1.54,1644434701,US
port keats,-14.25,129.55,26.41,26.41,84,78,1.24,1644434857,AU
hami,42.8,93.45,-2.87,-2.87,38,100,0.72,1644434831,CN
souillac,-20.5167,57.5167,24.21,24.21,88,75,2.57,1644434857,MU
santa catalina,9.3337,122.8637,24.97,24.97,85,53,3.81,1644434858,PH
sobolevo,54.4299,31.8996,-0.35,-0.35,90,100,5.51,1644434874,RU
caohai,26.8661,104.2841,0.35,0.35,91,29,1.93,1644434874,CN
pemangkat,1.1667,108.9667,23.8,23.8,94,100,1.61,1644434874,ID
kapaa,22.0752,-159.319,23.89,24.51,76,40,4.12,1644434875,US
pandamatenga,-18.5278,25.627,20.72,20.72,81,9,2.48,1644434875,BW
kaka,37.3482,59.6143,9.74,9.74,38,0,0.75,1644434876,TM
moron,-34.6534,-58.6198,27.46,30.01,49,4,3.13,1644434877,AR
yeniseysk,58.4497,92.1703,-30.4,-30.4,100,54,0.21,1644434877,RU
buala,-8.145,159.5921,26.12,26.12,84,38,3.03,1644434878,SB
northam,51.0333,-4.2167,7.45,9.63,96,100,3.8,1644434878,GB
camana,-16.6228,-72.7111,23.69,23.69,65,12,4.04,1644434879,PE
baykit,61.67,96.37,-23.01,-23.01,97,100,1.16,1644434777,RU
east london,-33.0153,27.9116,22.09,22.09,77,1,3.62,1644434879,ZA
salair,54.2312,85.7972,-27.29,-27.29,100,29,1.1,1644434880,RU
coahuayana,18.7333,-103.6833,29.94,29.94,34,0,3.47,1644434880,MX
tuktoyaktuk,69.4541,-133.0374,-35.0,-35.0,75,75,7.2,1644434881,CA
pisco,-13.7,-76.2167,21.03,23.34,83,40,4.12,1644434881,PE
bathsheba,13.2167,-59.5167,27.34,27.34,65,75,11.32,1644434897,BB
san vicente de canete,-13.0751,-76.3835,23.25,23.25,72,55,4.16,1644434898,PE
pevek,69.7008,170.3133,-35.5,-35.5,99,100,2.46,1644434898,RU
pangnirtung,66.1451,-65.7125,-26.0,-26.0,76,20,1.54,1644434899,CA
kajaani,64.2273,27.7285,-2.97,-2.97,93,100,3.09,1644434899,FI
nome,64.5011,-165.4064,-22.97,-22.96,70,100,4.63,1644434862,US
santa maria,-29.6842,-53.8069,28.61,28.61,37,20,3.6,1644434900,BR
carnarvon,-24.8667,113.6333,24.04,24.04,78,0,6.69,1644434900,AU
malakal,9.5334,31.6605,29.06,29.06,24,4,2.52,1644434901,SS
mendi,-6.1761,143.6513,13.04,13.04,97,92,0.88,1644434733,PG
muros,42.7762,-9.0603,11.29,14.28,86,1,2.62,1644434901,ES
hay river,60.8156,-115.7999,-20.01,-20.01,84,100,2.57,1644434902,CA
matara,5.9485,80.5353,24.46,24.46,82,100,1.99,1644434902,LK
jingdezhen,29.2947,117.2079,4.07,4.07,94,100,1.02,1644434903,CN
kikwit,-5.041,18.8162,24.8,24.8,67,36,1.19,1644434903,CD
omsukchan,62.5333,155.8,-30.33,-30.33,71,70,1.45,1644434904,RU
flinders,-34.5833,150.8552,18.02,19.65,77,4,3.13,1644434904,AU
nabire,-3.3667,135.4833,23.99,23.99,93,100,0.83,1644434706,ID
batemans bay,-35.7167,150.1833,18.94,18.94,67,7,2.0,1644434920,AU
dawlatabad,36.4141,64.9053,6.62,6.62,65,0,1.48,1644434920,AF
tarut,26.5733,50.0369,15.12,16.99,54,0,2.49,1644434921,SA
pokhara,28.2333,83.9833,9.61,9.61,93,98,0.59,1644434921,NP
kenora,49.8167,-94.4337,-10.57,-9.01,79,100,7.72,1644434873,CA
harsud,22.1,76.7333,19.07,19.07,39,5,2.82,1644434922,IN
korgen,66.0771,13.8153,-0.04,0.84,97,100,2.6,1644434922,NO
sorkjosen,69.8,20.9333,-7.0,-7.0,68,0,9.26,1644434923,NO
praia da vitoria,38.7333,-27.0667,15.14,15.42,82,40,6.16,1644434923,PT
foumban,5.7291,10.9001,22.59,22.59,20,85,0.86,1644434723,CM
jutai,-5.1833,-68.9,22.63,22.63,98,100,0.93,1644434924,BR
leningradskiy,69.3833,178.4167,-32.24,-32.24,96,100,4.04,1644434924,RU
haimen,23.1935,116.6142,13.94,13.94,85,100,3.18,1644434924,CN
veraval,20.9,70.3667,21.16,21.16,52,2,5.77,1644434925,IN
porto novo,6.4965,2.6036,28.9,28.9,82,65,3.89,1644434925,BJ
duku,11.2361,4.9073,29.65,29.65,10,0,3.22,1644434926,NG
boa vista,2.8197,-60.6733,35.99,35.99,30,40,2.57,1644434709,BR
port hardy,50.6996,-127.4199,7.1,8.2,93,100,3.09,1644434926,CA
awjilah,29.1081,21.2869,13.02,13.02,42,39,4.21,1644434927,LY
sestri levante,44.2732,9.3968,11.56,13.67,80,82,0.45,1644434928,IT
chapais,49.7834,-74.8492,-6.12,-6.12,84,100,4.26,1644434943,CA
san patricio,28.017,-97.5169,20.4,23.05,33,0,1.17,1644434944,US
bengkulu,-3.8004,102.2655,24.82,24.82,71,100,3.33,1644434944,ID
camocim,-2.9022,-40.8411,27.93,27.93,75,34,5.3,1644434945,BR
camacupa,-12.0167,17.4833,17.23,17.23,92,100,1.42,1644434945,AO
lufilufi,-13.8745,-171.5986,23.88,23.88,78,100,7.02,1644434946,WS
tiznit,29.5833,-9.5,18.79,18.79,23,5,3.63,1644434946,MA
camacari,-12.6975,-38.3242,30.87,30.87,57,19,4.31,1644434946,BR
sambava,-14.2667,50.1667,25.62,25.62,87,58,1.62,1644434947,MG
palmer,42.1584,-72.3287,5.65,7.6,44,0,5.66,1644434750,US
acarau,-2.8856,-40.12,28.65,28.65,67,55,6.27,1644434948,BR
rio gallegos,-51.6226,-69.2181,18.03,18.03,13,40,16.98,1644434948,AR
sa kaeo,13.75,102.3333,26.75,26.75,69,33,2.23,1644434948,TH
aksarka,66.5606,67.7975,-18.28,-18.28,99,99,4.41,1644434949,RU
lavrentiya,65.5833,-171.0,-31.31,-31.31,92,61,3.42,1644434949,RU
deputatskiy,69.3,139.9,-33.0,-33.0,86,100,3.0,1644434950,RU
teshie,5.5836,-0.1072,29.31,29.31,79,20,4.63,1644434950,GH
la ronge,55.1001,-105.2842,-14.86,-14.86,78,100,4.12,1644434951,CA
samarinda,-0.5,117.15,22.97,22.97,100,100,1.12,1644434951,ID
victoria,22.2855,114.1577,15.81,17.75,83,100,2.68,1644434728,HK
pineville,31.3224,-92.4343,18.76,19.37,31,0,6.69,1644434967,US
verkhovazhye,60.7472,42.0465,-3.62,-3.62,96,100,2.82,1644434967,RU
lebu,-37.6167,-73.65,17.88,17.88,63,0,9.63,1644434968,CL
ailigandi,9.2333,-78.0167,27.35,27.35,76,29,4.73,1644434968,PA
inuvik,68.3499,-133.7218,-30.07,-29.58,73,100,3.09,1644434969,CA
kendal,54.3268,-2.7476,5.05,6.73,84,100,5.71,1644434969,GB
svetlyy,54.675,20.1347,6.03,6.03,93,100,9.33,1644434970,RU
stantsionno-oyashinskiy,55.4664,83.8245,-22.3,-22.3,92,6,4.46,1644434970,RU
ilhabela,-23.7781,-45.3581,24.39,24.39,82,42,2.6,1644434970,BR
ca mau,9.1769,105.15,24.97,24.97,84,93,4.14,1644434971,VN
saint george,37.1041,-113.5841,13.39,17.26,19,0,2.57,1644434971,US
ancud,-41.8697,-73.8203,18.04,19.12,66,100,5.17,1644434972,CL
mopipi,-21.1833,24.8833,28.97,28.97,31,36,2.58,1644434972,BW
srostki,52.4189,85.7022,-23.62,-23.62,100,100,0.53,1644434973,RU
saint-jean-port-joli,47.2171,-70.2658,-0.26,1.04,87,99,6.91,1644434973,CA
zhob,31.3411,69.4481,7.15,7.15,36,0,2.22,1644434973,PK
yar-sale,66.8333,70.8333,-16.67,-16.67,95,22,5.96,1644434974,RU
sines,37.9562,-8.8698,14.05,14.05,82,0,1.44,1644434974,PT
neustrelitz,53.3667,13.0833,7.72,7.72,88,100,5.45,1644434975,DE
katsuura,35.1333,140.3,6.12,6.22,70,100,7.14,1644434990,JP
lehigh acres,26.6254,-81.6248,20.83,22.19,60,0,3.09,1644434991,US
yerofey pavlovich,53.9667,121.9667,-21.85,-21.85,97,99,1.37,1644434991,RU
port hedland,-20.3167,118.5667,26.03,26.03,89,21,3.6,1644434991,AU
pedernales,18.0384,-71.744,27.54,27.54,66,28,1.28,1644434992,DO
peterhead,57.5058,-1.7981,1.84,2.29,69,20,8.18,1644434992,GB
bone,51.9669,12.1396,9.08,9.6,76,100,3.47,1644434993,DE
vaitape,-16.5167,-151.75,27.32,27.32,77,21,7.24,1644434745,PF
naze,28.3667,129.4833,14.78,14.78,86,98,4.98,1644434993,JP
prince rupert,54.3161,-130.3201,8.05,8.05,93,100,11.32,1644434994,CA
airai,-8.9266,125.4092,16.33,16.33,93,100,0.51,1644434994,TL
kupang,-10.1667,123.5833,25.99,25.99,84,100,0.94,1644434995,ID
nelson bay,-32.7167,152.15,17.12,19.82,67,2,1.74,1644434995,AU
kavaratti,10.5669,72.642,26.85,26.85,68,100,6.37,1644434996,IN
ballina,-28.8667,153.5667,16.05,17.1,96,7,0.0,1644434996,AU
le port,-20.9373,55.2919,22.98,24.0,82,25,1.44,1644434996,RE
svolvaer,68.2342,14.5683,0.98,1.39,86,75,10.8,1644434997,NO
songea,-10.6833,35.65,18.36,18.36,96,100,0.28,1644434997,TZ
dhidhdhoo,6.8833,73.1,27.31,27.31,74,100,3.85,1644434998,MV
oistins,13.0667,-59.5333,27.05,27.05,65,75,11.32,1644434703,BB
neftcala,39.3742,49.2472,10.73,10.73,72,3,4.75,1644435013,AZ
saldanha,-33.0117,17.9442,20.03,20.03,89,0,2.96,1644435014,ZA
cidreira,-30.1811,-50.2056,23.45,23.45,63,28,5.02,1644435014,BR
berlevag,70.8578,29.0864,-5.03,-5.03,74,96,9.77,1644435015,NO
adrar,20.5022,-10.0711,21.53,21.53,10,2,5.42,1644435015,MR
haverfordwest,51.8017,-4.9691,6.89,9.19,86,100,3.29,1644435016,GB
mahon,39.8885,4.2658,10.31,10.31,81,20,2.06,1644435017,ES
tata,24.7475,67.9235,19.22,19.22,26,0,2.54,1644435017,PK
bakel,14.905,-12.4568,28.69,28.69,7,7,4.17,1644435018,SN
homer,59.6425,-151.5483,-7.13,-7.06,72,100,8.75,1644435018,US
bereda,43.2686,-7.5406,6.34,11.86,90,0,0.76,1644435019,ES
kaabong,3.4836,34.1492,22.21,22.21,34,28,2.77,1644434833,UG
acambaro,20.0333,-100.7333,19.92,21.07,21,2,4.06,1644435020,MX
slave lake,55.2834,-114.769,2.99,2.99,81,75,1.03,1644435020,CA
mayya,61.7333,130.2811,-38.16,-38.16,98,100,0.88,1644435021,RU
henties bay,-22.116,14.2845,21.03,21.03,83,1,3.19,1644435021,NA
tandil,-37.3217,-59.1332,26.84,26.84,32,23,4.03,1644434730,AR
kulhudhuffushi,6.6221,73.07,27.16,27.16,74,100,4.12,1644435022,MV
asau,46.4333,26.4,3.51,3.51,89,18,3.02,1644435022,RO
lawton,34.6087,-98.3903,19.8,20.6,13,0,4.02,1644435038,US
grand forks,47.9417,-97.4337,-7.43,-7.04,76,100,12.86,1644434811,US
naron,43.5167,-8.1528,13.88,14.47,80,0,2.81,1644435038,ES
ahipara,-35.1667,173.1667,22.97,22.97,87,83,4.69,1644435039,NZ
vila,42.0304,-8.1588,8.09,8.17,71,2,1.85,1644435039,PT
camacha,33.0833,-16.3333,17.68,17.68,82,0,4.63,1644435040,PT
guasdualito,7.2424,-70.7324,32.0,32.0,51,95,3.6,1644435040,VE
sur,22.5667,59.5289,20.93,20.93,63,3,3.23,1644435041,OM
marrakesh,31.6315,-8.0083,23.04,23.04,27,20,1.03,1644434939,MA
bandarbeyla,9.4942,50.8122,23.87,23.87,67,100,8.92,1644435042,SO
salalah,17.0151,54.0924,23.05,23.05,15,0,4.12,1644435042,OM
royan,45.6285,-1.0281,6.83,9.15,91,0,2.77,1644435042,FR
harper,4.375,-7.7169,26.29,26.29,86,100,3.62,1644435043,LR
beringovskiy,63.05,179.3167,-29.37,-29.37,88,12,3.15,1644435043,RU
kalamnuri,19.6667,77.3333,20.49,20.49,44,50,3.33,1644435044,IN
fairbanks,64.8378,-147.7164,-22.24,-21.33,75,100,2.06,1644435032,US
quang ngai,15.1167,108.8,22.25,22.25,93,96,1.26,1644434935,VN
sohbatpur,28.5202,68.5434,15.75,15.75,31,0,1.02,1644435045,PK
tortoli,39.9256,9.6572,10.76,10.9,35,0,4.12,1644435045,IT
pocone,-16.2567,-56.6228,25.67,25.67,88,91,3.72,1644435046,BR
sterling,39.0062,-77.4286,12.74,14.24,39,20,5.14,1644435062,US
imeni poliny osipenko,52.4201,136.4853,-26.39,-26.39,100,100,0.38,1644435062,RU
agirish,61.9247,63.0231,-12.46,-12.46,93,67,4.67,1644435063,RU
awbari,26.5921,12.7805,10.96,10.96,45,2,4.47,1644435064,LY
makinsk,52.6292,70.4169,-19.91,-19.91,100,100,2.1,1644435064,KZ
padang,-0.9492,100.3543,23.82,23.82,66,100,3.74,1644435065,ID
lumby,50.2498,-118.969,3.29,5.02,93,84,0.51,1644435065,CA
kirensk,57.7853,108.1119,-30.61,-30.61,100,95,0.78,1644435066,RU
snasa,64.2457,12.3778,2.67,2.67,96,95,6.14,1644435066,NO
sisimiut,66.9395,-53.6735,-10.15,-10.15,96,100,5.19,1644435067,GL
bhan,26.5583,67.7214,17.64,17.64,37,0,1.33,1644435068,PK
maloy,61.9353,5.1136,3.26,5.26,88,100,6.71,1644435068,NO
prainha,-1.8,-53.48,29.77,29.77,63,29,1.22,1644435069,BR
nexo,55.0607,15.1306,5.05,5.05,94,51,10.85,1644435069,DK
smithers,54.7804,-127.1743,2.18,2.18,100,100,3.09,1644434822,CA
beberibe,-4.1797,-38.1306,30.02,30.02,70,37,3.66,1644435070,BR
lampazos de naranjo,27.0167,-100.5167,20.93,20.93,19,0,2.26,1644435071,MX
embonas,36.2269,27.8564,7.07,7.13,57,1,9.42,1644435086,GR
samarai,-10.6167,150.6667,27.38,27.38,74,98,4.76,1644435087,PG
gulu,2.7746,32.299,26.13,26.13,29,98,1.59,1644435087,UG
vardo,70.3705,31.1107,-3.01,-2.89,86,100,7.2,1644435088,NO
grindavik,63.8424,-22.4338,-2.74,-2.74,80,75,8.23,1644434996,IS
sechura,-5.5569,-80.8222,27.2,27.2,54,100,6.84,1644435089,PE
ola,59.5833,151.2833,-21.48,-21.48,85,100,2.66,1644435090,RU
hirara,24.8,125.2833,20.27,20.27,75,83,2.35,1644435090,JP
sandwick,60.0,-1.25,3.9,3.9,75,20,16.46,1644435091,GB
marsaxlokk,35.8419,14.5431,10.34,11.71,71,0,2.06,1644435091,MT
banjarmasin,-3.3244,114.591,25.08,25.08,95,100,0.99,1644435091,ID
makokou,0.5738,12.8642,26.28,26.28,50,85,1.57,1644435092,GA
ugoofaaru,5.6667,73.0,27.37,27.37,73,80,4.57,1644435092,MV
grenville,12.1167,-61.6167,29.03,29.03,74,5,5.25,1644435093,GD
thinadhoo,0.5333,72.9333,27.81,27.81,73,19,5.42,1644435093,MV
tadine,-21.55,167.8833,26.95,26.95,89,100,9.52,1644435094,NC
shingu,33.7333,135.9833,6.06,6.06,89,100,1.41,1644435094,JP
kobyli,48.9329,16.8916,5.2,8.15,85,75,2.43,1644435095,CZ
saint-denis,48.9167,2.3333,6.96,8.97,76,0,3.09,1644435095,FR
nevinnomyssk,44.6267,41.9453,0.73,0.73,98,100,4.27,1644435111,RU
bukama,-9.2,25.85,21.18,21.18,95,94,0.57,1644435112,CD
nanortalik,60.1432,-45.2371,-6.36,-6.36,67,92,1.49,1644435112,GL
constitucion,-35.3333,-72.4167,20.81,20.81,65,13,5.92,1644435113,CL
khandbari,27.3747,87.2039,9.33,9.33,89,74,1.4,1644435115,NP
lakes entrance,-37.8811,147.981,16.76,16.76,90,45,2.44,1644435115,AU
salinopolis,-0.6136,-47.3561,26.68,26.68,84,66,3.58,1644435116,BR
shache,38.4167,77.2406,-1.98,-1.98,50,88,0.63,1644435116,CN
hidalgotitlan,17.7833,-94.6333,19.01,19.01,86,100,1.57,1644435117,MX
fuyu,45.1833,124.8167,-15.4,-15.4,98,97,2.02,1644435117,CN
bridgend,51.5058,-3.5772,7.42,9.3,92,100,0.89,1644435000,GB
hackettstown,40.854,-74.8291,8.08,10.19,48,0,2.57,1644435118,US
mount gambier,-37.8333,140.7667,13.95,13.95,82,100,2.57,1644435118,AU
port lincoln,-34.7333,135.8667,15.99,15.99,76,94,3.07,1644435119,AU
umm kaddadah,13.6017,26.6876,19.88,19.88,14,20,5.82,1644435119,SD
kutum,14.2,24.6667,16.74,16.74,13,3,4.99,1644435045,SD
bubaque,11.2833,-15.8333,25.84,25.84,73,25,6.32,1644435120,GW
piacabucu,-10.4056,-36.4344,28.06,28.06,68,91,5.77,1644435120,BR
dukat,62.55,155.55,-29.31,-29.31,67,73,1.58,1644435121,RU
leon valley,29.4952,-98.6186,20.78,22.27,28,0,5.14,1644434923,US
maryville,35.7565,-83.9705,14.5,16.14,34,20,8.75,1644435137,US
nanakuli,21.3906,-158.1547,24.52,25.39,65,0,2.57,1644435137,US
korla,41.7597,86.1469,-3.61,-3.61,51,100,1.24,1644435084,CN
roald,62.5833,6.1333,4.28,5.18,75,75,15.43,1644435138,NO
clyde river,70.4692,-68.5914,-27.87,-27.87,76,100,11.83,1644435139,CA
nizhniy chir,48.3597,43.0865,-0.02,-0.02,92,100,6.94,1644435139,RU
usman,52.0466,39.7288,-1.98,-1.98,100,89,1.81,1644435140,RU
kungurtug,50.5994,97.5228,-25.63,-25.63,100,100,0.33,1644435140,RU
tautira,-17.7333,-149.15,29.01,29.01,75,27,7.24,1644435141,PF
paamiut,61.994,-49.6678,-5.64,-5.64,78,100,9.2,1644435141,GL
hals,56.9961,10.3081,3.88,3.98,85,17,8.43,1644435142,DK
vrangel,42.7297,133.0839,-2.4,-2.4,87,64,1.75,1644435142,RU
kasempa,-13.4584,25.8338,18.17,18.17,90,76,0.91,1644435142,ZM
hammerfest,70.6634,23.6821,-4.75,-2.15,68,0,5.66,1644435143,NO
urumqi,43.801,87.6005,-17.47,-17.47,85,40,1.0,1644434882,CN
santa isabel,-23.3156,-46.2214,23.97,24.81,84,87,3.97,1644435144,BR
zhanakorgan,43.9098,67.2495,0.17,0.17,78,24,4.0,1644435144,KZ
dali,25.7,100.1833,2.86,2.86,76,1,2.12,1644435144,CN
verkhnevilyuysk,63.4453,120.3167,-38.9,-38.9,100,90,0.52,1644435160,RU
orel-izumrud,43.4583,39.9244,4.01,4.01,93,100,3.0,1644435160,RU
koltubanovskiy,52.9407,52.0269,-6.56,-6.56,92,100,5.29,1644435161,RU
los andes,-32.8337,-70.5983,31.41,31.67,27,0,4.76,1644435161,CL
jalu,29.0331,21.5482,12.37,12.37,44,10,4.01,1644435162,LY
campbell river,50.0163,-125.2446,5.3,6.74,100,100,2.06,1644435035,CA
funadhoo,6.15,73.2667,27.25,27.25,75,79,4.77,1644435162,MV
stephenville,32.2207,-98.2023,18.85,21.05,16,0,3.6,1644435163,US
kanniyakumari,8.0833,77.5667,24.64,24.64,74,42,6.92,1644435163,IN
the valley,18.217,-63.0578,26.24,26.92,73,75,5.14,1644435040,AI
yumen,40.2833,97.2,-4.87,-4.87,42,100,5.53,1644435164,CN
at-bashi,41.1702,75.8106,-16.56,-16.56,88,84,1.3,1644435058,KG
biak,-0.9131,122.8766,24.92,24.92,82,100,1.32,1644435165,ID
wattegama,6.7989,81.4808,21.07,21.07,83,76,1.79,1644435165,LK
balikpapan,-1.2675,116.8289,23.31,23.31,95,100,2.45,1644435166,ID
mikulasovice,50.9651,14.3637,6.6,7.49,76,100,0.89,1644435166,CZ
cao bang,22.6667,106.25,9.85,9.85,97,100,0.87,1644435167,VN
kaeo,-35.1,173.7833,22.96,22.96,95,95,3.64,1644435167,NZ
chiautla,19.5333,-98.8833,18.02,18.86,25,1,1.3,1644435183,MX
tapes,-30.6733,-51.3958,24.46,24.46,55,6,4.08,1644435183,BR
assiniboia,49.6334,-105.9845,-0.1,1.95,80,99,2.57,1644435184,CA
port-cartier,50.0334,-66.8654,2.08,2.12,98,100,2.03,1644435162,CA
hickory,35.7332,-81.3412,13.53,15.17,37,0,5.14,1644435168,US
merauke,-8.4667,140.3333,25.23,25.23,89,99,2.94,1644435185,ID
nemuro,43.3236,145.575,-6.66,-6.66,78,9,3.29,1644435185,JP
bisauli,28.3167,78.9333,9.78,9.78,88,0,1.96,1644435186,IN
avera,33.194,-82.5271,15.1,16.51,33,0,3.17,1644435186,US
aden,12.7794,45.0367,24.85,24.85,69,2,7.88,1644435005,YE
sala consilina,40.3912,15.5989,5.21,6.27,63,0,0.36,1644435187,IT
atherton,53.5237,-2.4935,5.88,7.07,75,100,3.99,1644435188,GB
olavarria,-36.8927,-60.3225,26.68,26.68,47,1,4.16,1644435008,AR
chumikan,54.7183,135.315,-16.99,-16.99,95,100,3.93,1644435188,RU
sant feliu de guixols,41.7833,3.0333,10.56,12.86,48,6,5.32,1644435189,ES
floro,61.5996,5.0328,4.67,5.39,75,40,12.35,1644435190,NO
san juan,-31.5375,-68.5364,36.16,36.16,14,0,5.05,1644435190,AR
sarkand,45.41,79.9186,-5.11,-5.11,95,100,0.72,1644435191,KZ
cascavel,-24.9558,-53.4553,29.78,29.78,39,75,4.12,1644434769,BR
tigzirt,36.8886,4.1198,12.64,12.64,72,0,2.84,1644435192,DZ
livingston,55.9029,-3.5226,1.56,3.04,91,40,6.69,1644435194,GB
hamilton,39.1834,-84.5333,10.23,11.53,53,0,6.69,1644435036,US
jennings,38.7192,-90.2604,10.5,12.9,48,75,4.63,1644435154,US
seoul,37.5683,126.9778,-4.65,-2.31,71,0,1.03,1644434959,KR
priboj,44.6028,18.9314,2.8,3.88,86,7,2.33,1644435208,BA
jalingo,8.8833,11.3667,26.89,26.89,14,14,2.11,1644435208,NG
presidencia roque saenz pena,-26.7852,-60.4388,35.38,35.38,15,0,1.86,1644435209,AR
araouane,18.9048,-3.5265,21.93,21.93,8,0,4.9,1644435209,ML
comodoro rivadavia,-45.8667,-67.5,23.92,23.92,29,40,6.17,1644434996,AR
pendleton,45.6721,-118.7886,14.87,17.73,51,0,4.12,1644434930,US
winslow,35.0242,-110.6974,10.1,12.39,19,0,0.45,1644435210,US
esik,43.3552,77.4525,-3.32,-3.32,68,66,3.46,1644435210,KZ
el dorado,38.7666,-120.5177,18.26,21.9,19,100,1.34,1644435211,US
riyadh,24.6877,46.7219,15.08,15.08,25,0,3.9,1644434775,SA
ust-nera,64.5667,143.2,-34.93,-34.93,99,60,2.05,1644435212,RU
mayo,38.8876,-76.5119,11.56,14.51,52,0,5.14,1644435194,US
hun,29.1268,15.9477,11.38,11.38,58,96,5.96,1644435212,LY
hoquiam,46.9809,-123.8893,8.58,10.01,96,100,1.54,1644435213,US
mae sai,20.4335,99.8762,14.01,14.94,63,7,1.22,1644435228,TH
katoro,-3.0203,31.8958,18.6,18.6,87,100,0.97,1644435229,TZ
novikovo,51.1537,37.8879,-2.22,-2.22,97,99,2.06,1644435229,RU
menongue,-14.6585,17.691,16.36,16.36,95,100,2.07,1644435123,AO
dargaville,-35.9333,173.8833,23.22,23.22,80,20,3.53,1644435230,NZ
anadyr,64.75,177.4833,-27.72,-27.72,76,0,5.0,1644435053,RU
lanquin,15.5667,-89.9667,22.85,22.85,91,98,0.65,1644435231,GT
rocha,-34.4833,-54.3333,23.52,23.52,54,9,5.49,1644435231,UY
pychas,56.5033,52.4409,-3.86,-3.86,95,100,6.85,1644435232,RU
puerto leguizamo,-0.1934,-74.7819,25.69,25.69,89,100,0.58,1644435232,CO
herouville-saint-clair,49.2109,-0.3065,6.65,7.55,100,100,3.09,1644435233,FR
balakhta,55.38,91.6,-31.62,-31.62,100,7,0.99,1644435233,RU
gat,31.61,34.7642,12.02,12.82,100,14,8.26,1644435234,IL
jumla,29.2747,82.1838,-3.05,-3.05,90,88,2.57,1644435234,NP
taltal,-25.4,-70.4833,19.9,19.9,72,24,1.93,1644435020,CL
karratha,-20.7377,116.8463,29.05,29.05,69,50,1.48,1644435235,AU
champerico,14.3,-91.9167,33.25,33.3,62,35,4.84,1644435235,GT
esmeraldas,-19.7625,-44.3139,23.36,24.06,87,98,1.16,1644435236,BR
den helder,52.9599,4.7593,7.61,8.86,94,100,2.24,1644435136,NL
najran,17.4924,44.1277,15.36,15.36,29,0,1.03,1644435159,SA
vredendal,-31.6683,18.5012,18.67,18.67,85,0,3.51,1644435252,ZA
rensvik,63.1,7.8167,4.15,4.15,75,75,9.77,1644435252,NO
udachnyy,66.4167,112.4,-27.08,-27.08,93,100,1.27,1644435093,RU
takapau,-40.0333,176.35,19.33,21.21,92,57,0.45,1644435253,NZ
shubarshi,48.5872,57.1869,-11.9,-11.9,94,100,3.72,1644435253,KZ
linxia,35.6003,103.2064,-9.46,-9.46,92,99,1.49,1644435254,CN
yuancheng,36.652,107.7896,-9.68,-9.68,97,26,0.96,1644435255,CN
terpinnya,46.9697,35.4197,2.36,2.36,93,100,4.38,1644435256,UA
minab,27.1467,57.0801,15.18,15.18,77,0,0.51,1644435011,IR
bartica,6.4,-58.6167,28.18,28.18,91,76,1.96,1644435256,GY
sergeyevka,53.88,67.4158,-19.93,-19.93,100,34,2.39,1644435257,KZ
cabedelo,-6.9811,-34.8339,30.37,30.37,64,60,5.16,1644435257,BR
tvedestrand,58.622,8.9315,2.95,3.45,67,8,8.32,1644435258,NO
melchor de mencos,17.0686,-89.1522,21.0,21.0,88,100,3.09,1644435258,GT
sakakah,29.9697,40.2064,18.76,18.76,24,50,5.99,1644435259,SA
san luis,-33.295,-66.3356,32.96,32.96,19,0,5.39,1644435259,AR
kattivakkam,13.2167,80.3167,26.15,26.15,69,91,3.52,1644435260,IN
evensk,61.95,159.2333,-24.5,-24.5,72,25,2.5,1644435229,RU
aksu,41.1231,80.2644,-2.9,-2.9,57,79,0.6,1644435275,CN
chicama,-7.8447,-79.1469,21.3,21.3,56,100,4.57,1644435276,PE
urengoy,65.9667,78.3667,-22.42,-22.42,89,77,4.58,1644435276,RU
yakeshi,49.2833,120.7333,-24.33,-24.33,100,100,1.31,1644435278,CN
zamora,-4.0692,-78.9567,28.58,28.58,73,100,1.8,1644435278,EC
trojes,41.756,19.962,1.27,1.27,77,0,2.7,1644435279,AL
rabo de peixe,37.8,-25.5833,15.71,15.71,85,20,4.63,1644435279,PT
guadalupe,25.6833,-100.25,19.59,22.3,31,0,2.06,1644435280,MX
ellisras,-23.6649,27.7443,23.51,23.51,52,49,1.09,1644435280,ZA
salinas,36.6777,-121.6555,20.67,24.35,38,0,5.66,1644434995,US
sangar,63.9242,127.4739,-36.46,-36.46,100,100,1.09,1644435281,RU
chapleau,47.8405,-83.4034,-2.95,-2.95,93,100,3.09,1644435281,CA
tukrah,32.5341,20.5791,11.42,11.42,60,5,5.53,1644435282,LY
sorland,67.667,12.6934,2.92,2.92,58,100,11.22,1644435282,NO
calarca,4.5295,-75.6409,25.11,25.69,61,40,1.54,1644435283,CO
loviisa,60.4566,26.2251,0.71,0.81,97,100,6.7,1644435283,FI
texarkana,33.4251,-94.0477,19.06,21.12,17,0,2.57,1644435283,US
volot,57.9278,30.7025,0.1,0.1,87,100,5.69,1644435299,RU
cockburn town,21.4612,-71.1419,26.98,26.98,61,40,9.26,1644435300,TC
kayerkan,69.3497,87.7602,-20.27,-20.27,76,100,4.77,1644435149,RU
galabovo,42.139,25.8673,3.36,3.36,82,98,0.96,1644435300,BG
tromso,69.6496,18.957,0.01,0.01,55,40,4.63,1644435297,NO
sol-iletsk,51.1631,54.9918,-11.86,-11.86,96,100,3.79,1644435113,RU
banki,20.3833,85.5333,20.06,20.06,77,4,2.12,1644435301,IN
vila velha,-20.3297,-40.2925,24.41,24.97,83,75,5.66,1644435254,BR
hasilpur,29.7122,72.5553,13.98,13.98,46,0,3.0,1644435302,PK
teguise,29.0605,-13.564,20.12,20.12,64,87,2.57,1644435193,ES
ucluelet,48.9329,-125.5528,9.08,9.49,92,100,0.45,1644435050,CA
erenhot,43.6475,111.9767,-12.33,-12.33,87,75,3.97,1644435303,CN
beni suef,29.0731,31.0979,11.01,11.01,55,1,4.43,1644435303,EG
maria chiquita,9.4431,-79.7558,26.31,29.55,82,76,4.44,1644435304,PA
sinteu,47.15,22.4833,3.35,3.4,84,98,2.48,1644435304,RO
golkoy,40.6875,37.6178,0.67,0.67,99,100,0.75,1644435305,TR
manavalakurichi,8.1333,77.3,28.05,28.05,74,55,3.97,1644435306,IN
tahta,26.7693,31.5021,16.18,16.18,35,0,5.74,1644435306,EG
kashmor,28.4333,69.5833,16.23,16.23,25,0,1.85,1644435321,PK
abu samrah,35.3029,37.1841,8.7,8.7,80,96,5.59,1644435169,SY
marsa matruh,31.3525,27.2453,13.11,13.11,58,75,6.69,1644435206,EG
tucumcari,35.1717,-103.725,11.91,15.52,26,0,2.06,1644435172,US
port shepstone,-30.7414,30.455,24.64,24.64,88,100,4.72,1644435322,ZA
port-gentil,-0.7193,8.7815,26.98,26.98,89,20,2.06,1644435323,GA
mithi,24.7318,69.7981,20.1,20.1,24,0,4.84,1644435323,PK
fort saint james,54.4333,-124.25,3.98,3.98,99,100,2.54,1644435324,CA
cururupu,-1.8283,-44.8683,25.91,25.91,89,75,2.13,1644435324,BR
